id,observations,start,end,duration_days,lat_min,lat_max,lon_min,lon_max
a01,100,1978-07-23,1979-05-06,287,-60.2193,0.0,-48.5586,0.0
a02,92,1978-07-23,1979-10-21,455,-63.29,0.0,-53.76,0.0
a03,4,1979-02-04,1979-06-17,133,-59.5,-58.3,-44.5,-43.9
a05,8,1979-10-28,1979-11-04,7,-61.1,-60.8,-51.0,-50.4
a06,3,1979-11-04,1980-01-13,70,-63.8,-61.6,-60.0,-52.5
a08,3,1979-12-23,1980-02-03,42,-51.7,-49.5,-36.5,-29.0
a11,2,1980-05-04,1980-05-18,14,-71.6,-70.5,-44.3,-43.8
a12,4,1980-07-20,1980-09-28,70,-66.6,-66.6,-60.2,-60.2
a13,40,1980-08-10,1981-01-25,168,-74.7,-73.8,-38.5,-27.3
a14,2,1980-12-14,1981-01-25,42,-72.3,-72.3,-36.0,-36.0
a15,28,1981-03-22,1981-08-02,133,-72.6,-66.1,-54.0,-47.7
a16,43,1981-11-15,1982-05-16,182,-59.7,-55.2,-50.9,-37.2
a17,4,1983-04-17,1983-05-29,42,-64.3,-61.0,-51.1,-49.2
a19,29,1983-04-17,1984-06-10,420,-77.9,-67.3,-59.8,-44.0
a20,38,1986-01-26,1986-08-17,203,-68.4,-65.3,-59.8,-56.0
a20a,202,1986-09-07,1988-03-27,567,-64.7,-51.9,-55.5,-30.0
a20b,232,1986-09-07,1988-02-07,518,-65.3,-46.3,-56.6,-22.3
a21,33,1986-07-27,1986-12-14,140,-68.0,-66.7,-60.4,-59.0
a21a,49,1987-06-21,1988-01-03,196,-64.6,-58.2,-55.8,-44.8
a22,1092,1986-09-28,1994-02-08,2690,-78.0,0.0,-46.0,0.0
a22a,5000,1994-02-06,2007-10-23,5007,-76.7,0.0,-58.05,0.0
a22b,2260,1994-02-06,2000-09-17,2415,-76.2,0.0,-53.9,0.0
a22c,1128,1998-05-16,2001-12-02,1296,-69.7,0.0,-45.6,8.1
a23,317,1986-09-28,1991-12-01,1890,-78.0,-76.2,-44.3,-39.8
a23a,11953,1991-11-10,2026-03-31,12560,-76.5,0.0,-56.07,0.0
a23b,2838,1991-11-17,1999-11-09,2914,-76.8,0.0,-52.7,0.0
a24,402,1986-09-28,1992-03-08,1988,-77.9,-50.7,-55.5,-34.0
a24a,9,1992-03-29,1992-05-17,49,-49.8,-49.3,-54.6,-48.5
a24b,9,1992-03-29,1992-05-17,49,-50.0,-49.3,-54.5,-48.1
a24c,9,1992-03-29,1992-05-17,49,-49.8,-49.3,-54.5,-48.8
a24d,9,1992-03-29,1992-05-17,49,-50.8,-49.1,-54.4,-48.3
a25,183,1986-10-19,1990-03-25,1253,-79.1,-58.0,-55.0,-38.8
a26,27,1987-10-04,1988-04-17,196,-64.2,-59.5,-56.2,-46.2
a27,4980,1994-10-02,2011-10-23,6230,-77.2,0.0,-57.62,0.0
a28,256,1989-09-24,1992-11-29,1162,-76.4,0.0,-60.5,0.0
a29,136,1989-12-24,1992-08-03,953,-72.1,0.0,-52.8,0.0
a30,3,1991-03-17,1991-05-12,56,-74.3,-73.0,-35.5,-28.4
a31,208,1991-03-31,1992-08-24,512,-65.8,0.0,-59.5,0.0
a32,102,1995-02-12,1995-05-24,101,-65.8,0.0,-59.5,0.0
a32a,198,1995-05-28,1995-12-11,197,-65.0,0.0,-57.7,0.0
a33,2,1994-06-12,1994-07-10,28,-61.4,-61.4,-51.2,-51.2
a34,2,1996-09-01,1996-09-29,28,-72.2,-72.2,-16.9,-16.9
a34a,1706,2000-05-15,2005-06-13,1855,-75.1474,-49.0279,-60.1566,-15.2303
a35,1593,1994-05-22,1998-09-30,1592,-76.65,0.0,-38.8,0.0
a35a,706,1998-09-27,2000-11-12,777,-76.3,0.0,-56.3,0.0
a35b,265,1998-09-27,2000-11-12,777,-76.2,0.0,-56.1,0.0
a35c,204,1998-12-06,2000-11-12,707,-75.7,0.0,-58.1,0.0
a36,165,1998-04-28,1998-10-09,164,-71.5,0.0,-60.4,0.0
a37,5,1998-05-03,1998-08-02,91,-71.4,-69.6,-60.8,-59.9
a38a,1634,1998-10-18,2004-07-26,2108,-77.3,0.0,-59.8,0.0
a38b,2091,1998-10-18,2004-11-24,2229,-76.8,0.0,-59.5,0.0
a38c,998,1998-10-18,2004-01-05,1905,-77.1,0.0,-58.9,0.0
a38d,1554,1999-07-21,2004-01-29,1653,-71.5,0.0,-58.4,0.0
a38e,127,2004-04-27,2004-08-31,126,-53.2372,-50.2513,-30.3215,-16.3536
a38f,54,2004-04-29,2004-06-21,53,-52.8733,-51.2627,-27.5651,-20.8528
a38g,2,2002-01-17,2002-01-18,1,-65.2578,-65.2133,-55.9537,-55.7533
a39,151,1998-10-25,2001-01-01,799,-76.6,-65.4,-60.8,-52.3
a40,40,1999-01-31,2001-05-06,826,-77.8,-77.3,-50.3,-49.0
a40a,196,2000-10-26,2001-05-09,195,-77.3623,-77.1418,-50.2639,-48.6688
a41,157,1999-01-31,2001-01-02,702,-76.8,-66.7,-60.6,-52.3
a42,696,1999-05-16,2003-10-24,1622,-77.7,0.0,-49.9,0.0
a43a,1608,2000-02-20,2005-01-30,1806,-76.1,0.0,-60.9,0.0
a43b,1372,2000-05-07,2004-02-14,1378,-77.0,0.0,-59.9,0.0
a43c,1498,2000-05-07,2004-07-02,1517,-76.4,0.0,-56.8,0.0
a43d,3840,2001-04-29,2012-02-05,3934,-71.4,0.0,-60.9,0.0
a43e,441,2001-04-29,2005-12-18,1694,-71.1,0.0,-60.4,0.0
a43f,2787,2001-06-06,2009-01-21,2786,-71.1,0.0,-60.05,0.0
a43g,791,2001-06-06,2007-11-25,2363,-69.2,0.0,-56.5,0.0
a43h,32,2001-09-30,2002-01-13,105,-68.4,0.0,-56.9,0.0
a43i,112,2001-09-30,2003-10-19,749,-70.1,0.0,-57.5,0.0
a43j,136,2001-12-02,2005-03-22,1206,-69.5,0.0,-60.6,0.0
a43k,485,2007-11-25,2009-04-05,497,-63.93,0.0,-53.72,0.0
a44,3,2001-02-04,2001-11-25,294,-74.1,-68.2,-56.5,-11.5
a45,125,2001-08-21,2002-03-11,202,-69.6,0.0,-59.5,0.0
a46,550,2001-10-04,2003-10-24,750,-56.5,0.0,-46.65,0.0
a47,674,2001-05-20,2003-04-13,693,-59.5,0.0,-53.8,0.0
a48,732,2002-03-14,2004-03-15,732,-64.7,0.0,-54.2,0.0
a49,2,2003-01-01,2003-01-26,25,-63.6,-63.1,-52.1,-52.0
a50,85,2003-02-25,2003-06-15,110,-62.5,0.0,-53.1,0.0
a52,1160,2003-02-09,2006-05-04,1180,-65.8,0.0,-60.7,0.0
a53,2,2005-01-09,2005-01-30,21,-67.22,-67.22,-60.53,-60.43
a53a,1077,2005-02-06,2008-04-25,1174,-67.27,0.0,-60.38,0.0
a53b,291,2005-02-06,2006-10-15,616,-67.02,-63.0,-61.225,-53.65
a54,314,2006-01-18,2006-11-28,314,-65.73,0.0,-61.48,0.0
a54a,71,2006-07-30,2007-02-11,196,-64.595,-60.93,-56.285,-51.55
a54b,8,2006-07-30,2006-08-06,7,-64.65,-64.645,-56.425,-56.42
a55,310,2008-02-10,2009-08-04,541,-65.82,0.0,-61.88,0.0
a56,2938,2008-05-25,2016-11-18,3099,-77.15,0.0,-60.48,0.0
a57,1980,2008-05-25,2016-01-01,2777,-77.66,0.0,-59.0667,0.0
a57a,1284,2016-01-04,2019-08-09,1313,-71.6333,0.0,-59.75,0.0
a57b,1059,2015-12-31,2018-11-23,1058,-69.9167,0.0,-60.4667,0.0
a58,19,2008-07-06,2008-11-16,133,-70.15,-70.05,-72.82,-72.63
a59,303,2008-07-06,2011-02-27,966,-70.74,-69.73,-76.46,-72.92
a60,24,2008-07-06,2010-01-24,567,-70.35,-70.27,-72.97,-72.8
a61,2933,2010-01-24,2018-02-28,2957,-73.7,0.0,-38.1333,0.0
a62,921,2011-01-23,2013-08-18,938,-74.59,0.0,-48.33,0.0
a62a,140,2013-04-05,2013-08-22,139,-57.5167,-53.8857,-31.8707,-25.8764
a63,3301,2012-11-24,2021-12-12,3305,-77.78,0.0,-57.21,0.0
a64,3122,2014-04-11,2022-12-16,3171,-69.7333,0.0,-61.29,0.0
a65,68,2015-12-31,2016-03-07,67,-54.5667,0.0,-36.3167,0.0
a66,461,2016-01-01,2017-04-05,460,-63.9,0.0,-55.2833,0.0
a67,162,2016-01-01,2016-06-10,161,-76.8333,0.0,-35.0333,0.0
a68,76,2017-06-26,2017-09-22,88,-67.8158,-67.747,-60.9934,-60.691
a68a,1324,2017-09-01,2021-04-21,1328,-67.9833,0.0,-60.85,0.0
a68b,1097,2017-09-01,2020-09-01,1096,-67.2833,0.0,-60.8,0.0
a68c,207,2020-04-24,2020-12-12,232,-60.4167,0.0,-51.4167,0.0
a68d,43,2020-12-18,2021-01-29,42,-55.52,-55.24,-36.61,-34.93
a68e,69,2020-12-23,2021-03-01,68,-56.46,0.0,-38.39,0.0
a68f,7,2020-12-25,2020-12-31,6,-56.49,-56.49,-35.0,-35.0
a68g,45,2021-01-27,2021-03-12,44,-57.02,-55.41,-36.57,-34.7
a68h,44,2021-01-29,2021-03-13,43,-56.21,0.0,-36.59,0.0
a68i,29,2021-01-29,2021-02-26,28,-56.28,-52.72,-35.81,-34.63
a68j,43,2021-01-30,2021-03-13,42,-57.47,0.0,-35.96,0.0
a68k,22,2021-01-29,2021-02-19,21,-56.99,-55.47,-35.99,-34.42
a68l,16,2021-01-29,2021-02-13,15,-57.08,0.0,-34.34,0.0
a68m,41,2021-01-31,2021-03-12,40,-56.97,-56.44,-36.21,-34.88
a68n,15,2021-02-12,2021-02-26,14,-56.19,-55.8,-35.94,-34.48
a68o,8,2021-02-12,2021-02-19,7,-56.09,-55.92,-35.76,-35.16
a68p,15,2021-02-12,2021-02-26,14,-56.26,-55.66,-35.5,-33.67
a69,39,2020-06-26,2020-08-03,38,-68.9833,0.0,-60.7,0.0
a69a,898,2020-07-09,2023-01-13,918,-69.0667,0.0,-61.28,0.0
a69b,770,2020-07-10,2022-09-10,792,-68.9333,0.0,-61.24,0.0
a69c,328,2021-10-29,2022-09-21,327,-66.83,0.0,-59.73,0.0
a70,886,2021-01-08,2023-07-05,908,-72.51,0.0,-61.8,0.0
a71,161,2021-01-08,2021-06-17,160,-72.62,0.0,-60.71,0.0
a72,37,2021-01-22,2021-02-27,36,-69.56,0.0,-60.82,0.0
a73,44,2021-01-22,2021-03-06,43,-69.69,0.0,-60.51,0.0
a74,436,2021-03-05,2022-05-27,448,-77.66,-75.19,-45.35,-25.78
a74a,1812,2021-02-28,2026-04-03,1860,-76.59,0.0,-58.54,0.0
a74b,442,2022-06-10,2023-08-25,441,-76.37,0.0,-55.14,0.0
a75,86,2021-03-26,2021-06-21,87,-74.13,0.0,-60.49,0.0
a76,10,2021-05-14,2021-05-23,9,-75.26,0.0,-58.99,0.0
a76a,821,2021-05-27,2023-08-25,820,-75.14,0.0,-59.43,0.0
a76b,821,2021-05-27,2023-08-25,820,-75.09,0.0,-60.29,0.0
a76c,1752,2021-05-27,2026-04-22,1791,-75.57,0.0,-60.22,0.0
a76d,113,2023-05-05,2023-08-25,112,-54.55,0.0,-42.42,0.0
a76e,83,2023-05-12,2023-08-18,98,-53.65,0.0,-44.4,0.0
a76f,101,2023-05-12,2023-08-25,105,-55.74,0.0,-41.44,0.0
a76g,106,2023-05-12,2023-08-25,105,-54.92,0.0,-41.05,0.0
a76h,106,2023-05-12,2023-08-25,105,-55.64,0.0,-41.68,0.0
a76i,17,2023-05-12,2023-05-28,16,-54.16,0.0,-41.96,0.0
a76j,79,2023-05-26,2023-08-25,91,-54.14,0.0,-42.31,0.0
a76k,92,2023-05-26,2023-08-25,91,-54.66,0.0,-38.73,0.0
a76l,91,2023-05-26,2023-08-25,91,-55.81,0.0,-40.13,0.0
a76m,55,2023-06-09,2023-08-04,56,-55.5,0.0,-38.14,0.0
a77,1542,2021-08-20,2025-12-18,1581,-77.85,0.0,-59.32,0.0
a78,729,2021-08-27,2023-08-25,728,-73.56,0.0,-47.87,0.0
a79,98,2022-03-04,2022-06-09,97,-71.17,0.0,-60.54,0.0
a80a,951,2022-12-02,2025-09-03,1006,-72.11,0.0,-60.27,0.0
a80b,36,2022-12-02,2023-01-06,35,-71.58,0.0,-60.33,0.0
a80c,27,2022-12-02,2022-12-30,28,-71.61,0.0,-60.56,0.0
a80d,183,2023-02-24,2023-08-25,182,-72.19,0.0,-59.75,0.0
a81,1143,2023-01-27,2026-04-22,1181,-77.78,0.0,-58.97,0.0
a82,850,2023-12-14,2026-04-22,860,-73.37,0.0,-94.08,0.0
a83,700,2024-05-23,2026-04-22,699,-77.5,0.0,-53.11,0.0
a84,447,2025-01-31,2026-04-22,446,-73.86,0.0,-106.08,0.0
a85,431,2025-02-16,2026-04-22,430,-77.51,0.0,-57.29,0.0
b01,247,1978-07-23,1986-02-02,2751,-73.3111,0.0,-140.1198,0.0
b02,72,1983-01-09,1985-12-29,1085,-76.7,-62.0,-173.5,-130.9
b03,7,1983-01-30,1983-09-11,224,-76.0,-68.9,-177.8,-150.8
b04,33,1983-07-03,1985-02-24,602,-75.6,-60.4,-51.5,-2.5
b05,19,1983-06-19,1987-12-06,1631,-72.7,-71.3,-112.5,-97.8
b05a,3,1990-01-21,1990-09-16,238,-72.6,-72.5,-117.8,-111.9
b06,109,1984-02-26,1991-06-23,2674,-76.8,-63.4,-162.3,-110.0
b07,54,1987-04-12,1989-01-08,637,-73.9,-71.8,-121.0,-109.5
b07a,32,1990-03-25,1991-11-10,595,-77.0,-75.1,-161.8,-153.1
b07b,25,1990-03-25,1992-02-20,697,-74.2,0.0,-179.5,0.0
b08,26,1987-04-12,1990-06-17,1162,-73.3,-72.7,-119.8,-108.5
b09,430,1987-10-11,1989-07-30,658,-78.2,-71.3,-179.4,-161.4
b09a,4457,1989-08-13,2003-10-03,5164,-70.4,0.0,-49.3,168.6
b09b,12452,1989-08-13,2026-04-22,13401,-70.9,0.0,0.0,170.2
b09c,1584,2010-12-05,2015-06-22,1660,-67.1,0.0,0.0,145.19
b09d,2547,2011-04-24,2018-04-13,2546,-74.4333,0.0,-45.9167,143.32
b09e,8,2011-06-19,2011-06-26,7,-66.48,-66.48,142.94,142.96
b09f,2845,2011-08-14,2019-05-28,2844,-74.8167,0.0,-55.0833,143.69
b09g,5061,2012-05-06,2026-04-22,5099,-68.21,0.0,0.0,132.61
b09h,934,2015-05-12,2017-12-03,936,-73.95,0.0,-43.4667,21.78
b09i,2473,2015-10-22,2022-08-03,2477,-73.8333,0.0,-45.92,142.0333
b09j,26,2019-04-19,2019-05-14,25,-57.1667,0.0,-42.1833,0.0
b10,1338,1992-01-12,1995-09-15,1342,-73.7,0.0,-123.1,0.0
b10a,1594,1995-08-13,2000-02-27,1659,-72.3,0.0,-131.9,0.0
b10b,770,1995-08-27,1997-10-21,786,-73.6,0.0,-179.4,0.0
b11,302,1995-02-26,1995-12-30,307,-73.2,0.0,-114.7,0.0
b12,192,1997-02-23,1997-11-20,270,-75.6,0.0,-160.3,0.0
b13,206,1997-02-23,1997-12-17,297,-76.9,0.0,-157.3,0.0
b14,1454,1997-09-28,2001-12-02,1526,-67.1,0.0,-178.0,179.999
b14a,16,2001-03-25,2001-05-27,63,-66.4,-66.3,177.9,178.9
b14b,95,2001-04-29,2001-10-14,168,-66.65,-56.15,-179.8,-152.1
b15,179,2000-03-12,2015-08-28,5647,-78.3,0.0,-171.2,0.0
b15a,3205,2000-05-04,2009-03-27,3249,-77.7,0.0,-179.9888,179.9569
b15aa,2015,2014-09-07,2020-03-16,2017,-74.4833,0.0,-41.3,51.6
b15ab,4149,2014-09-06,2026-03-27,4220,-74.3,0.0,-56.23,51.3333
b15ac,44,2019-01-25,2019-03-09,43,-54.4833,0.0,-28.0167,0.0
b15b,4916,2000-05-04,2014-01-07,4996,-78.5,0.0,-179.9,179.9608
b15c,701,2000-05-04,2002-04-04,700,-78.0,0.0,-179.9892,180.0
b15d,3027,2000-08-13,2008-11-25,3026,-76.6,0.0,-179.9,180.0
b15e,156,2000-08-13,2001-05-20,280,-76.8,0.0,0.0,177.9
b15f,4177,2000-12-10,2013-04-22,4516,-76.93,0.0,-179.4,179.4
b15g,4105,2001-04-29,2012-12-14,4247,-71.0,0.0,-7.87,170.9
b15h,121,2001-05-27,2003-10-24,880,-70.0,0.0,0.0,167.5
b15i,1567,2001-06-10,2010-05-16,3262,-71.8,0.0,0.0,171.95
b15j,2908,2003-10-16,2012-01-09,3007,-77.5,0.0,-179.7523,179.9105
b15j1,26,2011-11-25,2011-12-20,25,-55.9578,-54.0784,-158.7113,-154.1973
b15k,4355,2004-01-04,2016-12-16,4730,-77.82,0.0,-60.4,174.23
b15l,1367,2005-06-26,2009-11-22,1610,-74.68,0.0,-38.77,123.625
b15m,696,2005-10-30,2008-05-18,931,-71.2,0.0,0.0,170.5
b15n,1927,2005-10-30,2011-11-20,2212,-71.95,0.0,0.0,171.9
b15p,349,2005-10-30,2007-03-18,504,-71.9,0.0,0.0,171.6
b15q,860,2006-02-12,2008-12-14,1036,-68.72,0.0,0.0,157.8
b15r,3185,2006-06-25,2016-05-08,3605,-76.35,0.0,-50.82,84.28
b15s,919,2007-01-28,2009-11-22,1029,-76.47,0.0,0.0,172.23
b15t,3855,2007-12-23,2019-04-03,4119,-74.8833,0.0,-53.7167,78.08
b15u,9,2008-03-30,2008-04-20,21,-61.17,-59.67,178.995,179.97
b15v,155,2010-01-24,2010-06-27,154,-65.73,-65.68,55.43,55.48
b15w,36,2011-08-28,2011-10-02,35,-56.43,-54.15,84.09,86.0
b15x,1752,2011-09-25,2016-07-11,1751,-75.6333,0.0,-57.9,46.22
b15y,1075,2012-12-30,2016-07-31,1309,-75.03,0.0,-60.82,0.0
b15z,1370,2014-09-08,2018-06-08,1369,-74.3833,0.0,-51.7,50.73
b16,6716,2000-03-12,2020-02-29,7293,-78.1,0.0,-177.2,171.6
b17,240,2000-04-23,2001-01-04,256,-78.8,0.0,-177.6,0.0
b17a,5166,2000-12-24,2015-06-29,5300,-74.63,0.0,-179.95,179.8948
b17b,3232,2000-12-24,2009-11-05,3238,-73.5,0.0,-175.7,164.2
b18,58,2000-04-02,2001-01-07,280,-78.2,-69.0,-179.3,172.2
b19,962,2000-05-12,2003-02-16,1010,-78.4,0.0,-179.8,179.6869
b21,78,2001-11-11,2002-01-27,77,-74.9,0.0,-103.8,0.0
b21a,3413,2002-01-24,2012-12-02,3965,-74.8,0.0,-119.33,0.0
b21b,517,2002-01-20,2003-10-24,642,-74.7,0.0,-104.57,0.0
b22a,8644,2002-03-22,2026-04-22,8797,-76.36,0.0,-179.17,0.0
b22b,889,2003-01-05,2005-10-02,1001,-74.5,0.0,-142.5,0.0
b22c,53,2003-01-12,2004-10-24,651,-74.8,-72.0,-149.7,-108.8
b22d,9,2002-06-23,2002-08-04,42,-74.2,-74.1,-107.1,-106.8
b22e,12,2003-06-15,2004-02-08,238,-75.6,-73.7,-156.9,-129.7
b22f,617,2024-08-14,2026-04-22,616,-75.9,0.0,-179.9655,179.9853
b22g,602,2024-08-14,2026-04-22,616,-75.54,0.0,-163.87,0.0
b22h,286,2025-07-11,2026-04-22,285,-73.71,0.0,-179.9998,179.934
b22i,286,2025-07-11,2026-04-22,285,-73.85,0.0,-179.9881,179.9524
b23,674,2003-01-05,2005-01-14,740,-74.7,0.0,-109.0,0.0
b24,723,2003-02-09,2005-03-20,770,-74.9,0.0,-109.5,0.0
b25,5,2003-02-09,2003-05-04,84,-74.9,-74.7,-109.9,-108.7
b26,3,2004-02-29,2004-03-28,28,-78.7,-78.4,-170.17,-164.1
b27,2106,2008-01-03,2014-01-30,2219,-75.57,0.0,-169.32,0.0
b28,4141,2010-01-24,2022-12-30,4723,-74.85,0.0,-110.12,0.0
b29,5824,2010-01-24,2026-04-22,5932,-74.72,0.0,-110.75,0.0
b30,2566,2012-05-24,2019-06-21,2584,-75.5333,0.0,-159.35,0.0
b30a,105,2019-06-15,2019-09-27,104,-66.9561,-65.365,-131.7918,-127.7938
b30b,22,2019-06-15,2019-07-06,21,-65.8584,-65.2709,-131.7918,-127.8241
b31,1889,2013-07-06,2018-09-08,1890,-74.8833,0.0,-115.4333,0.0
b31a,122,2018-03-10,2018-07-09,121,-66.3521,-53.2403,-82.0546,-52.9608
b32,320,2014-08-27,2015-07-12,319,-75.22,0.0,-145.98,0.0
b33,86,2015-02-27,2015-05-25,87,-75.02,0.0,-104.8,0.0
b34,765,2015-03-03,2017-04-05,764,-76.0167,0.0,-179.9833,179.9538
b35,869,2015-08-14,2017-12-29,868,-74.62,0.0,-110.0333,0.0
b36,36,2015-08-28,2015-10-02,35,-74.95,-74.6167,-104.7,-103.0
b37,2262,2016-01-01,2022-03-11,2261,-74.6,0.0,-113.86,0.0
b38,2793,2016-01-01,2023-08-25,2793,-77.02,0.0,-155.28,0.0
b39,2789,2016-01-01,2023-08-25,2793,-77.8,0.0,-54.55,147.9667
b40,2283,2016-01-01,2022-04-06,2287,-65.9167,0.0,0.0,148.6333
b41,1562,2016-09-09,2020-12-23,1566,-75.8833,0.0,-150.5333,0.0
b42,2038,2017-04-07,2022-11-04,2037,-74.53,0.0,-152.83,0.0
b43,1246,2017-04-07,2020-09-03,1245,-76.6,0.0,-179.2167,0.0
b44,21,2017-09-29,2017-10-23,24,-74.9667,0.0,-101.1667,0.0
b45,2316,2018-08-03,2025-03-06,2407,-74.7167,0.0,-121.77,0.0
b46,1755,2018-10-28,2023-08-25,1762,-75.09,0.0,-160.4,0.0
b47,2203,2019-09-20,2025-11-19,2252,-75.64,0.0,-159.7,0.0
b48,124,2020-02-07,2020-06-09,123,-74.1833,0.0,-117.0333,0.0
b49,219,2020-02-14,2020-09-19,218,-74.9167,0.0,-105.55,0.0
b50,888,2020-04-13,2022-09-17,887,-75.84,0.0,-167.67,0.0
c01,23,1979-09-02,1982-12-05,1190,-65.6,-65.2,111.6,112.5
c02,226,1978-07-23,1990-02-04,4214,-64.97,0.0,0.0,130.8913
c03,2,1983-01-23,1983-02-27,35,-67.4,-67.4,147.6,147.6
c05,194,1986-03-16,1995-10-29,3514,-67.0,-64.3,52.5,99.1
c06,795,1987-06-14,1993-11-17,2348,-65.8,0.0,0.0,141.3
c07,274,1988-03-13,1992-10-11,1673,-74.6,0.0,-56.25,79.2
c08,4973,1996-01-07,2009-11-22,5068,-74.53,0.0,-57.17,147.55
c09,2228,1996-04-07,2004-12-08,3167,-67.1,0.0,0.0,147.6
c10,5223,1992-03-25,2006-07-13,5223,-64.7,0.0,0.0,99.1
c11,1582,1997-03-02,2001-07-23,1604,-64.8,0.0,0.0,96.5
c12,1595,1997-03-02,2001-07-23,1604,-64.7,0.0,0.0,97.1
c13,2,1997-03-09,1997-04-20,42,-74.57,-74.03,164.52,168.48
c14,330,2000-02-19,2003-01-26,1072,-67.9,0.0,0.0,147.4
c14a,3825,2000-11-05,2013-02-22,4492,-67.62,0.0,0.0,147.58
c14b,1326,2000-11-05,2004-06-28,1331,-67.72,0.0,0.0,147.68
c15,9389,2000-02-19,2026-04-22,9559,-68.03,0.0,0.0,147.7
c16,4904,2000-09-14,2014-06-06,5013,-77.22,0.0,-35.89,171.88
c17,140,2002-02-10,2004-02-03,723,-68.5,0.0,0.0,159.4
c18,651,2002-05-12,2004-02-21,650,-69.0,0.0,0.0,161.0
c18a,1603,2004-02-08,2009-11-22,2114,-75.95,0.0,-52.68,151.2
c18b,7505,2003-10-16,2026-04-22,8224,-68.64,0.0,0.0,152.1
c18c,176,2025-10-29,2026-04-22,175,-67.77,0.0,0.0,65.58
c19,439,2002-05-12,2003-07-24,438,-74.7,0.0,0.0,175.7
c19a,2153,2003-05-11,2009-04-01,2152,-71.7,0.0,-179.8731,179.9671
c19b,1381,2002-12-05,2006-12-31,1487,-72.3,0.0,0.0,172.0
c19c,3505,2003-06-08,2013-03-31,3584,-75.32,0.0,-55.21,166.3
c19c1,189,2012-07-21,2013-01-25,188,-54.2836,-53.7168,-36.4307,-35.532
c19d,1646,2003-06-08,2009-10-14,2320,-74.6,0.0,-49.62,165.3
c19e,198,2003-08-28,2004-04-25,241,-68.75,-66.5378,148.8294,159.35
c20,1046,2003-03-09,2006-03-06,1093,-65.2,0.0,0.0,99.7
c21,740,2003-03-09,2005-03-19,741,-65.05,0.0,0.0,95.8
c21a,1171,2005-03-13,2008-07-26,1231,-74.47,0.0,-55.2,90.1
c21b,6546,2005-03-13,2026-04-22,7710,-65.05,0.0,0.0,96.53
c21c,178,2005-03-13,2006-06-11,455,-65.87,-65.82,84.42,84.52
c22,44,2005-02-20,2005-10-23,245,-75.22,-70.12,165.17,171.375
c23,71,2005-04-10,2005-10-23,196,-75.53,-70.6,165.82,172.62
c24,7266,2005-03-13,2026-04-22,7710,-65.4,0.0,0.0,96.2
c25,317,2006-03-26,2007-02-05,316,-75.4,0.0,0.0,170.98
c26,340,2010-01-24,2011-02-13,385,-69.17,-60.97,-179.9853,179.8442
c27,50,2010-01-24,2010-03-14,49,-64.68,-64.68,96.73,96.73
c28,43,2010-02-14,2010-03-28,42,-66.97,-66.0,142.92,149.97
c28a,1554,2010-04-04,2014-08-10,1589,-66.16,0.0,0.0,142.87
c28a2,1313,2011-08-30,2015-05-25,1364,-66.3373,-65.6548,122.6794,124.3301
c28b,3033,2010-04-04,2018-08-10,3050,-74.4833,0.0,-54.4167,141.82
c29,3612,2016-01-01,2026-02-25,3708,-66.19,0.0,0.0,143.9833
c30,3715,2016-01-01,2026-04-22,3764,-64.7833,0.0,0.0,96.3
c31,3715,2016-01-01,2026-04-22,3764,-64.7167,0.0,0.0,96.7333
c32,2556,2016-01-01,2023-03-07,2622,-70.05,0.0,0.0,162.5333
c33,3613,2016-04-07,2026-04-22,3667,-74.9333,0.0,0.0,171.2167
c34,1333,2017-04-30,2020-12-22,1332,-65.9,0.0,0.0,143.2833
c35,2690,2018-08-03,2026-04-22,2819,-68.2667,0.0,0.0,148.33
c36,2529,2019-02-01,2026-04-22,2637,-68.1333,0.0,0.0,147.85
c37,339,2022-03-10,2023-04-01,387,-65.7,-64.5,98.6827,103.2075
c38,10,2022-03-15,2022-03-24,9,-65.66,0.0,0.0,102.76
c38a,333,2022-03-25,2023-02-20,332,-65.24,0.0,0.0,101.75
c38b,501,2022-03-25,2023-08-25,518,-65.65,0.0,0.0,102.23
c39,1328,2022-04-29,2026-04-22,1454,-69.2,0.0,0.0,99.61
c40,51,2023-04-28,2023-06-26,59,-66.55,-66.3753,109.7188,110.33
d01,9,1976-02-01,1977-01-02,336,-66.2333,-66.0,61.0,64.7667
d02,92,1976-12-12,1978-10-02,659,-65.5852,0.0,0.0,84.6545
d03,75,1977-12-04,1979-04-29,511,-67.3744,0.0,0.0,79.104
d04,25,1979-09-23,1979-12-09,77,-61.5,-55.5,83.5,86.0
d10,2,1996-03-03,1996-04-14,42,-69.1,-69.1,75.0,75.0
d11,1860,1996-06-09,2001-07-22,1869,-74.8,0.0,-53.5,74.8
d12,1384,1994-05-22,1998-06-28,1498,-69.8,0.0,0.0,64.3
d13,4,1997-01-02,1997-05-04,122,-66.7,-65.6,48.8,61.0
d14,721,2011-08-30,2013-08-19,720,-69.48,0.0,0.0,74.99
d15,1573,2011-08-30,2017-12-31,2315,-66.8,0.0,0.0,81.9
d15a,3391,2016-01-31,2026-04-22,3734,-66.7,0.0,0.0,82.14
d15b,3681,2016-02-01,2026-04-22,3733,-67.0833,0.0,0.0,81.75
d15c,88,2026-01-16,2026-04-30,104,-67.14,-66.77,79.65,81.05
d20,20,2013-06-24,2013-10-18,116,-69.2667,-69.16,36.39,36.65
d20a,4367,2011-08-30,2023-08-25,4378,-74.86,0.0,-53.4,36.5667
d20b,993,2014-09-12,2017-05-31,992,-69.0167,0.0,0.0,36.3667
d21,35,2013-11-01,2014-03-28,147,-66.2,-66.2,85.7667,85.7667
d21a,1583,2013-11-13,2018-03-14,1582,-74.1333,0.0,-46.8667,34.3
d21b,2517,2014-06-14,2021-05-11,2523,-77.6333,0.0,-46.0167,82.7333
d22,2241,2013-11-10,2020-01-16,2258,-67.1167,0.0,0.0,87.1333
d23,3715,2016-01-01,2026-04-22,3764,-69.51,0.0,0.0,74.74
d24,74,2016-01-01,2016-03-14,73,-66.1667,0.0,0.0,57.7333
d25,156,2016-02-05,2016-07-17,163,-69.3333,0.0,0.0,37.95
d26,2600,2016-04-04,2023-05-18,2600,-69.4167,0.0,0.0,29.65
d27,2005,2018-02-28,2023-08-25,2004,-74.69,0.0,-41.84,81.87
d28,1433,2019-09-23,2023-08-25,1432,-74.62,0.0,-56.11,74.0667
d29a,806,2021-06-11,2023-08-25,805,-73.85,0.0,-46.5,21.67
d29b,806,2021-06-11,2023-08-25,805,-74.78,0.0,-55.88,22.16
d29c,806,2021-06-11,2023-08-25,805,-73.73,0.0,-50.44,22.15
d30a,806,2021-06-11,2023-08-25,805,-74.77,0.0,-56.67,18.59
d30b,1573,2021-06-11,2026-04-22,1776,-74.33,0.0,-53.8,19.7
d31,573,2022-01-28,2023-08-25,574,-74.58,0.0,-54.0,2.34
d32,1236,2022-10-15,2026-04-22,1285,-74.01,0.0,-47.66,71.48
d33a,908,2023-09-08,2026-04-22,957,-74.52,0.0,-58.01,17.14
d33b,908,2023-09-08,2026-04-22,957,-77.33,0.0,-53.35,18.3
d33c,701,2024-04-19,2026-04-30,741,-74.35,0.0,-58.76,0.0
d34,887,2023-10-20,2026-04-22,915,-67.19,0.0,0.0,82.12
d35,839,2024-01-05,2026-04-22,838,-74.8,0.0,-48.97,21.01
d36,776,2024-02-08,2026-04-22,804,-66.31,0.0,0.0,86.63
d37,427,2025-02-20,2026-04-22,426,-69.22,0.0,0.0,36.35
e01,294,1992-02-09,1992-11-28,293,-72.5394,-71.5829,-112.3771,-108.5422
e02,318,1992-02-09,1992-12-22,317,-71.08,-67.4298,-161.0,-147.363
e03,119,9222-01-06,9235-01-07,4749,-73.279,-67.9944,-175.3895,-170.8966
e04,315,1992-02-09,1992-12-19,314,-65.94,-65.3863,136.872,141.88
e05,675,1992-02-12,1993-12-17,674,-67.8858,-67.2,78.4727,79.6901
e06,140,1992-08-16,1993-01-02,139,-69.2823,-65.2669,27.3197,51.4139
e07,248,1994-05-07,1995-01-09,247,-67.812,-65.1692,52.4358,71.3088
e08,189,1995-05-31,1995-12-05,188,-66.3342,-65.268,49.0087,58.2868
e09,189,1995-02-12,1995-08-19,188,-69.31,-64.9822,-59.2443,-57.056
e10,65,1997-11-24,1998-01-27,64,-73.24,-72.9207,-176.6616,-175.07
e11,192,1993-04-22,1993-10-30,191,-68.9615,-66.5718,-171.6113,-161.0288
e12,99,1993-04-25,1993-08-01,98,-68.97,-66.8047,-179.9505,179.85
e13,114,1996-08-02,1996-11-23,113,-69.7507,-66.286,-127.9544,-121.1453
e14,494,1997-08-20,1998-12-26,493,-76.74,-74.2138,-179.8,179.8931
e15,237,1998-04-19,1998-12-11,236,-66.2328,-61.9397,66.274,79.59
e16,431,1998-08-17,1999-10-21,430,-76.0528,-65.839,-179.95,179.8958
e17,431,1998-08-17,1999-10-21,430,-75.5948,-65.1284,-179.9,179.9047
e18,150,1999-07-27,1999-12-23,149,-75.4037,-67.7458,-174.1558,-166.0922
e19,153,1999-04-01,1999-08-31,152,-70.9912,-65.3936,-179.98,179.9252
e20,518,1998-06-09,1999-11-08,517,-74.6625,-60.796,-47.5964,-28.0065
e21,36,1997-02-15,1997-03-22,35,-66.5,-66.0981,60.9709,61.812
sa02,70,1978-07-23,1978-09-30,69,-65.6096,-63.4277,-39.8128,-35.4274
sa03,72,1978-07-23,1978-10-02,71,-67.51,-66.9943,-58.55,-58.2691
sa04,72,1978-07-23,1978-10-02,71,-71.7816,-69.349,-56.8389,-56.4968
sa05,72,1978-07-23,1978-10-02,71,-74.1749,-71.8145,-45.5466,-38.1611
sa06,24,1978-09-09,1978-10-02,23,-76.804,-76.2843,-40.1004,-37.6601
sa07,24,1978-09-09,1978-10-02,23,-75.96,-75.1925,-31.3977,-30.7705
uk01,251,2001-01-10,2001-10-30,293,-62.2611,-55.1777,-54.5006,-35.6794
uk02,301,2001-04-20,2002-02-14,300,-77.246,-69.1869,-34.5944,17.16
uk03,164,2001-05-15,2001-10-25,163,-63.45,-53.19,-58.7376,-43.6291
uk04,235,2001-05-15,2002-01-04,234,-63.69,-52.6267,-56.0457,-40.7589
uk05,121,2001-03-16,2001-07-14,120,-72.0891,-71.7511,-15.2861,-14.1191
uk052,819,2011-08-30,2014-01-21,875,-65.3331,-64.9576,102.7646,103.2847
uk06,55,2001-08-28,2001-10-21,54,-57.51,-54.3931,-47.9,-40.6064
uk07,129,2001-08-25,2001-12-31,128,-62.85,-52.6323,-53.081,-40.7456
uk08,145,2001-08-25,2002-01-16,144,-63.9738,-58.2691,-54.6751,-46.1976
uk093,1365,2011-08-30,2015-05-25,1364,-66.7025,-66.3795,80.5,81.2817
uk10,183,2001-10-21,2002-04-21,182,-64.6687,-62.4357,-56.08,-53.8048
uk100,133,2004-02-16,2004-06-27,132,-57.3751,-53.8556,-46.8,-37.1068
uk110,166,2004-08-07,2005-01-19,165,-65.6162,-62.9191,80.3591,86.8657
uk112,151,2004-07-07,2004-12-06,152,-66.497,-64.7614,78.9643,93.9176
uk116,793,2004-07-12,2006-12-18,889,-66.4737,-62.5956,73.3749,93.9176
uk119,189,2004-08-31,2005-05-02,244,-70.515,-63.88,-179.4653,179.796
uk12,410,2001-10-21,2002-12-04,409,-64.1,-59.3936,-52.48,-41.0103
uk120,528,2004-08-30,2006-02-27,546,-71.3492,-61.3093,-179.9474,179.4498
uk122,172,2004-09-24,2005-04-05,193,-64.1784,-59.6398,155.9712,161.8417
uk125,151,2017-03-02,2017-07-30,150,-67.6601,-62.2859,-47.1411,-35.4793
uk126,19,2004-09-25,2004-10-13,18,-55.0537,-54.162,-35.8443,-35.2801
uk13,349,2001-10-21,2003-10-24,733,-63.22,0.0,-51.0431,0.0
uk130,241,2018-05-10,2019-01-05,240,-69.7406,-69.5949,11.1957,11.7799
uk131,7,2005-01-18,2005-01-24,6,-66.2381,-65.9658,62.0764,63.2341
uk132,28,2005-05-11,2005-06-07,27,-64.7846,-64.0589,99.564,104.3302
uk133,143,2005-06-25,2005-11-14,142,-64.9794,-64.482,130.1154,132.7645
uk134,166,2005-06-29,2006-01-08,193,-65.6643,-64.866,112.3822,123.5964
uk135,39,2005-06-25,2005-09-08,75,-69.053,-68.269,28.3268,33.0311
uk136,803,2005-07-02,2007-12-17,898,-75.6706,-65.5136,-55.2766,33.1088
uk137,373,2005-07-11,2006-09-09,425,-68.5278,-65.3186,31.6648,67.1297
uk138,499,2005-04-20,2006-09-18,516,-75.9253,-65.2246,-55.4042,6.4014
uk139,164,2005-07-21,2005-12-31,163,-73.9656,-71.3546,-43.551,-23.3536
uk14,354,2002-01-03,2002-12-22,353,-64.5843,-54.0441,-52.74,-41.9308
uk140,154,2005-07-21,2005-12-21,153,-71.8992,-69.1786,-30.6374,-20.4655
uk144,59,2006-02-17,2006-04-16,58,-65.4487,-64.5983,132.4055,138.2395
uk145,1220,2006-02-14,2009-11-23,1378,-67.0547,-63.1246,56.1815,102.2157
uk147,26,2005-04-27,2005-05-22,25,-65.822,-65.4999,85.0573,88.59
uk148,503,2006-03-26,2008-10-14,933,-74.6038,-67.5112,-42.5212,44.3937
uk15,442,2002-01-03,2003-03-20,441,-64.1,-54.0222,-50.07,-32.1437
uk151,264,2005-04-07,2005-12-26,263,-65.4382,-65.2952,115.576,116.5974
uk155,537,2006-09-26,2008-03-15,536,-70.1554,-65.4182,1.2478,75.7686
uk156,220,2007-01-27,2007-09-03,219,-68.7644,-62.3856,-50.5507,-37.1801
uk157,1026,2007-02-01,2009-11-22,1025,-76.8062,-72.883,-48.0174,-41.795
uk158,304,2007-02-01,2007-12-01,303,-75.2584,-68.3302,-47.3526,-27.1249
uk159,275,2007-03-20,2007-12-19,274,-76.0249,-68.0899,-54.3368,-45.8448
uk16,332,2002-01-04,2002-12-01,331,-63.9416,-57.2326,-38.16,-13.0513
uk160,311,2007-01-19,2007-11-25,310,-63.4133,-51.8226,-53.3551,-16.5023
uk161,296,2007-03-29,2008-01-31,308,-69.2084,-65.4484,39.7379,79.9785
uk163,73,2007-06-04,2007-08-15,72,-68.7563,-65.4755,173.0486,177.2049
uk164,888,2007-06-03,2009-11-22,903,-65.7835,-65.5718,115.2076,115.6253
uk165,214,2007-05-27,2008-03-18,296,-70.0311,-65.1213,22.8779,62.4275
uk166,201,2007-06-03,2007-12-20,200,-76.2697,-71.2853,-56.1197,-50.4162
uk17,139,2002-01-04,2002-05-22,138,-62.15,-59.2481,-29.0,-19.3959
uk170,129,2007-10-01,2008-03-11,162,-69.7728,-67.6427,16.9575,35.9595
uk171,64,2007-03-07,2007-05-09,63,-66.2841,-65.0434,139.4388,148.8923
uk172,1328,2006-02-04,2009-11-23,1388,-67.0374,-66.3874,148.2685,150.216
uk173,1394,2005-01-11,2008-12-31,1450,-65.94,-65.1343,121.3272,134.197
uk174,1460,2006-02-20,2012-03-11,2211,-65.5419,0.0,0.0,114.2616
uk175,1322,2005-02-18,2008-12-18,1399,-67.6748,-67.4582,70.5729,71.2196
uk176,185,2007-03-16,2007-09-16,184,-65.8026,-64.3788,90.5618,96.3874
uk177,607,2007-01-30,2008-11-25,665,-74.3542,-50.8847,-53.641,-32.4127
uk179,59,2007-03-20,2007-05-17,58,-66.6576,-64.4937,52.4086,72.8779
uk18,60,2002-01-19,2002-03-19,59,-70.9797,-69.6551,163.5745,171.3507
uk180,294,2007-02-28,2008-01-07,313,-76.0157,-74.6207,-36.6458,-27.8154
uk183,931,2006-10-30,2009-06-20,964,-65.7878,-65.437,52.8804,54.8087
uk185,676,2007-04-30,2009-03-19,689,-66.0596,-64.8327,49.9096,55.6331
uk186,659,2007-03-08,2008-12-25,658,-68.777,-68.7581,39.5191,39.5393
uk187,638,2007-10-30,2009-11-22,754,-67.6477,-67.524,42.9198,43.3647
uk188,141,2007-09-12,2008-04-07,208,-69.9883,-69.2143,14.6973,29.3635
uk189,20,2008-02-25,2008-04-08,43,-67.7714,-67.6073,42.1454,42.4219
uk19,949,2001-07-19,2004-02-22,948,-69.7121,-69.6304,162.2766,162.53
uk190,25,2007-12-21,2008-02-07,48,-60.6326,-58.5847,-39.3886,-30.8377
uk191,28,2008-01-23,2008-03-12,49,-61.3579,-60.976,157.3095,161.5522
uk192,1397,2008-02-11,2013-09-30,2058,-66.2866,0.0,0.0,129.9318
uk193,621,2008-03-12,2009-11-22,620,-73.234,-72.822,-111.107,-109.5531
uk194,359,2008-03-12,2009-03-19,372,-74.3349,-68.049,-155.9417,-137.7676
uk195,72,2008-01-30,2008-04-10,71,-64.7125,-63.8303,106.9957,108.3293
uk196,25,2008-03-12,2008-04-05,24,-65.9716,-65.7529,76.4916,79.0825
uk20,401,2002-01-18,2003-02-22,400,-65.81,-59.4049,150.0136,159.9758
uk201,140,2005-02-20,2005-07-09,139,-60.9819,-57.7824,-51.8748,-42.4224
uk202,22,2005-02-21,2005-03-14,21,-60.5949,-57.1809,-52.3533,-50.4535
uk203,9,2005-03-14,2005-03-22,8,-57.6297,-56.1283,-50.8161,-49.0759
uk205,227,2004-07-27,2005-03-10,226,-64.5464,-58.2234,-55.0552,-43.441
uk206,349,2004-11-10,2005-12-14,399,-75.6383,-64.3057,-47.2501,-34.1908
uk207,657,2004-11-13,2006-10-02,688,-76.2055,-56.794,-49.9405,-36.0241
uk208,264,2005-01-16,2005-10-06,263,-75.7215,-65.3466,-46.8866,-32.8665
uk209,97,2005-07-06,2005-10-10,96,-69.576,-65.7875,-46.3215,-39.8113
uk21,90,2002-01-15,2002-04-14,89,-64.61,-61.1066,154.0813,160.2237
uk210,368,2004-12-23,2005-12-25,367,-78.0795,-65.958,-53.2221,-43.4847
uk211,2546,1999-07-19,2006-11-06,2667,-69.1351,-52.4562,-60.9431,-42.2352
uk212,411,2006-02-03,2007-03-20,410,-68.1489,-57.2149,-55.8847,-43.216
uk213,101,2006-06-27,2006-10-05,100,-63.7454,-53.8236,-57.0164,-47.0529
uk215,654,2005-01-18,2006-11-02,653,-74.5489,-62.8747,-50.2034,33.6396
uk216,265,2006-02-04,2006-10-26,264,-74.9067,-64.5753,-52.6581,-45.9403
uk217,268,2006-01-27,2006-10-21,267,-75.3383,-65.5955,-51.1747,-43.4002
uk22,75,2002-01-22,2002-04-06,74,-64.59,-62.7981,160.82,172.0266
uk220,212,2006-04-02,2006-10-30,211,-75.6801,-64.6502,-53.487,-50.4255
uk221,258,2005-05-04,2006-01-22,263,-66.2745,-65.6166,-60.9875,-58.0059
uk222,137,2005-02-13,2005-06-29,136,-63.2342,-60.324,-60.4169,-55.1761
uk23,67,2002-01-21,2002-03-28,66,-68.3615,-67.2495,155.6076,159.82
uk231,224,2006-12-24,2007-08-04,223,-63.7578,-60.8601,-48.5823,-45.0962
uk233,151,2006-12-20,2007-05-19,150,-61.429,-56.1565,-39.6211,-31.8522
uk234,31,2008-01-01,2008-01-31,30,-60.2478,-59.2376,-52.4079,-51.1291
uk235,1434,2008-01-19,2019-06-06,4156,-77.5759,0.0,-35.654,14.4052
uk236,148,2008-01-24,2008-09-12,232,-61.1736,-57.1494,-51.949,-40.1807
uk237,147,2008-01-29,2008-08-03,187,-60.6679,-58.929,-51.3426,-46.8632
uk238,76,2008-03-30,2008-06-13,75,-61.5771,-60.2527,-54.0404,-48.8476
uk239,45,2008-03-30,2008-05-13,44,-60.4059,-58.8307,-38.8307,-37.2466
uk24,345,2002-03-04,2003-10-24,599,-69.6775,0.0,-56.0874,0.0
uk240,11,2008-03-30,2008-04-09,10,-63.4971,-63.3247,-53.6523,-53.5897
uk241,25,2008-03-30,2008-04-23,24,-70.6866,-70.1237,-108.4339,-106.263
uk242,45,2008-03-30,2008-05-13,44,-64.0757,-63.2646,119.059,120.7896
uk243,51,2008-04-03,2008-05-23,50,-60.3243,-58.4981,-46.083,-42.485
uk245,263,2008-02-18,2008-12-26,312,-66.7267,-66.6002,78.061,79.1057
uk246,111,2008-03-30,2008-07-18,110,-74.2491,-71.5041,-39.3959,-27.9308
uk247,396,2008-03-14,2009-04-13,395,-59.9006,-55.0548,-49.9003,-35.374
uk248,243,2008-04-11,2008-12-09,242,-58.8493,-51.8875,-46.2712,-34.1048
uk249,587,2008-04-16,2009-11-23,586,-69.117,-68.448,76.4711,77.1877
uk25,447,2002-01-15,2003-04-06,446,-68.193,-67.4634,149.9395,155.9138
uk250,73,2008-05-10,2008-08-03,85,-62.0301,-58.2938,-57.8792,-46.8638
uk251,564,2008-05-08,2009-11-22,563,-65.9285,-65.7038,110.2399,110.5922
uk253,53,2008-07-24,2008-09-14,52,-55.7807,-53.7284,-44.4935,-41.1014
uk254,42,2008-03-20,2008-04-30,41,-65.4826,-65.153,106.0024,106.942
uk255,46,2008-08-03,2008-09-17,45,-53.3673,-52.0008,-42.0532,-40.1948
uk256,442,2008-09-07,2009-11-22,441,-73.6092,-72.5436,-120.1092,-110.2885
uk257,40,2008-08-23,2008-10-01,39,-63.7594,-62.0943,99.9812,101.6448
uk258,44,2008-09-08,2008-10-21,43,-64.9516,-63.4991,83.0154,85.459
uk259,55,2008-09-07,2008-10-31,54,-64.5461,-61.3269,82.8053,86.3935
uk26,345,2002-01-16,2002-12-26,344,-65.58,-54.1828,-52.9098,-33.777
uk261,60,2008-08-27,2008-10-25,59,-55.0892,-54.719,-39.3954,-36.3462
uk262,153,2008-08-15,2009-01-14,152,-73.655,-71.1978,-46.2703,-35.4707
uk263,345,2008-08-15,2009-07-25,344,-74.968,-68.4804,-51.0209,-30.6429
uk264,148,2008-08-15,2009-01-09,147,-73.8843,-71.4316,-42.1847,-29.8231
uk265,176,2008-08-16,2009-02-07,175,-72.9792,-71.2487,-35.0386,-23.6544
uk266,19,2008-08-29,2008-09-16,18,-56.0517,-55.4454,-36.6384,-33.8818
uk267,94,2008-09-02,2008-12-20,109,-57.5559,-51.7245,-38.2318,-28.0106
uk268,221,2008-06-07,2009-01-13,220,-64.8822,-64.384,94.6966,97.4149
uk269,16,2008-10-24,2008-11-08,15,-56.3833,-55.8732,-26.9786,-26.11
uk27,142,2002-01-30,2002-06-20,141,-65.2185,-61.3588,-53.6033,-51.0156
uk270,247,2008-07-30,2009-04-05,249,-74.4465,-72.7936,-108.6581,-103.8112
uk271,105,2008-10-08,2009-01-20,104,-66.8154,-65.7326,117.576,121.4893
uk272,301,2009-01-26,2009-11-22,300,-74.164,-72.5054,-111.7926,-103.4092
uk273,12,2008-12-15,2009-01-21,37,-51.7245,-48.8286,-28.0106,-22.4918
uk274,13,2008-12-15,2009-01-22,38,-51.7245,-49.3548,-28.0106,-25.11
uk275,10,2008-12-15,2009-01-20,36,-51.7245,-50.1114,-28.0106,-25.9246
uk276,356,2008-11-29,2009-11-22,358,-66.0698,-65.3054,-60.976,-60.3105
uk277,63,2009-01-05,2009-03-08,62,-66.4768,-65.6317,-53.1531,-50.9621
uk278,8,2009-02-08,2009-02-15,7,-66.4533,-65.7283,-22.136,-20.3978
uk279,10,2009-02-08,2009-02-17,9,-63.2838,-62.7763,-31.1891,-30.0485
uk28,95,2002-01-02,2002-04-06,94,-74.38,-74.3301,-179.9564,179.9772
uk280,71,2009-02-07,2009-04-18,70,-65.2583,-64.3501,-147.6428,-144.025
uk281,103,2009-02-07,2009-05-20,102,-64.1215,-57.7505,138.8202,156.0218
uk282,55,2009-02-07,2009-04-02,54,-65.5676,-65.3083,132.2077,133.1394
uk283,7,2009-02-07,2009-02-13,6,-67.4893,-67.1796,73.091,73.5594
uk284,228,2009-02-15,2009-09-30,227,-63.752,-60.4817,-51.5188,-42.3372
uk285,112,2009-01-27,2009-05-18,111,-64.0869,-60.9061,-53.7044,-49.3563
uk286,66,2009-05-19,2009-08-12,85,-74.5413,-72.5154,-175.1672,-171.0616
uk288,46,2009-06-13,2009-07-28,45,-64.8783,-64.6676,94.9237,95.4107
uk289,221,2009-04-17,2009-11-23,220,-66.6914,-66.6314,79.5098,79.7009
uk29,35,2002-02-22,2002-03-28,34,-66.9,-66.5679,152.52,153.3922
uk290,499,2011-08-29,2013-02-05,526,-68.9155,-64.6952,-59.1279,-57.0947
uk291,193,2009-05-14,2009-11-22,192,-73.0379,-72.2592,-119.7036,-113.0598
uk292,125,2009-07-21,2009-11-22,124,-76.5012,-74.8045,-47.8574,-40.8633
uk293,187,2009-05-20,2009-11-22,186,-76.8025,-72.6304,-52.4448,-48.1676
uk294,119,2009-07-27,2009-11-22,118,-76.7,-74.778,-52.3571,-45.7996
uk295,22,2009-11-02,2009-11-23,21,-66.4839,-65.588,56.1873,59.12
uk297,26,2009-10-29,2009-11-23,25,-65.6475,-65.1251,147.8058,149.9983
uk30,196,2002-07-15,2003-01-26,195,-64.231,-61.2749,-51.8441,-44.3807
uk304,121,2011-08-30,2011-12-28,120,-65.4637,-63.963,78.6704,84.2824
uk31,263,2002-04-28,2003-01-15,262,-64.6785,-61.3449,-56.2029,-52.7022
uk314,692,2011-08-29,2013-09-30,763,-65.5959,-65.2609,125.4261,127.3954
uk315,1175,2011-08-30,2014-12-15,1203,-65.839,-64.0735,91.9096,98.4056
uk316,1223,2012-01-19,2015-05-25,1222,-66.4352,-65.5023,139.5819,143.4882
uk318,81,2011-08-30,2011-11-18,80,-66.9086,-64.1427,-38.8844,-32.4115
uk319,395,2011-08-30,2012-09-27,394,-66.8057,-56.5236,-36.0745,-13.0141
uk32,121,2002-04-28,2002-08-26,120,-65.5226,-57.8647,-54.8254,-49.2698
uk320,509,2011-08-30,2013-01-19,508,-74.5481,-63.1795,-52.0138,-13.8627
uk321,966,2012-03-15,2014-11-05,965,-74.4998,-55.0181,-54.2539,28.283
uk321b,189,2014-04-06,2014-10-11,188,-61.5322,-52.8802,-51.637,-30.9454
uk322,1061,2012-05-03,2015-03-30,1061,-76.3001,-66.7784,-57.956,13.5834
uk323,217,2014-12-08,2015-07-12,216,-66.3806,-64.8693,131.7944,139.43
uk324,4356,2013-10-25,2026-04-22,4562,-76.1932,-65.6408,-179.9439,179.8592
uk325,875,2015-09-23,2018-11-17,1151,-70.2121,-69.4227,13.6968,16.4187
uk326,922,2015-08-23,2018-07-02,1044,-69.9182,-69.435,12.0637,15.5443
uk33,151,2002-04-28,2002-09-25,150,-64.4063,-53.0893,-54.4538,-40.2623
uk34,512,2002-04-27,2003-09-20,511,-64.4447,-51.974,-56.0547,-24.3082
uk35,107,2002-04-24,2002-08-08,106,-65.03,-59.4006,-54.757,-50.19
uk36,68,2002-04-28,2002-07-04,67,-66.9781,-62.7716,-55.6897,-53.2011
uk38,511,2002-05-09,2003-10-24,533,-66.8635,0.0,0.0,152.0536
uk39,501,2002-06-11,2003-10-24,500,-67.2393,0.0,0.0,148.3495
uk40,532,2002-04-27,2003-10-24,545,-66.7145,0.0,0.0,58.4562
uk42,277,2002-04-28,2003-01-29,276,-64.2136,-59.7187,152.4332,157.4297
uk45,82,2002-04-28,2002-07-18,81,-62.6374,-60.0157,-57.5795,-53.7559
uk46,183,2002-04-28,2002-10-27,182,-66.9411,-61.5263,-56.1069,-52.691
uk47,85,2002-04-28,2002-07-21,84,-65.1552,-62.8503,-55.7889,-53.2803
uk48,797,2002-04-28,2004-07-02,796,-66.1946,-65.8159,134.6709,136.6981
uk49,227,2002-04-28,2002-12-10,226,-65.3528,-65.13,134.48,134.8846
uk50,1123,2002-04-28,2006-03-31,1433,-65.7511,-65.281,113.6038,115.8171
uk51,540,2002-04-28,2003-11-20,571,-65.4192,-64.9494,98.7786,99.4228
uk52,3496,2002-04-28,2014-01-21,4286,-65.3331,0.0,0.0,103.2847
uk53,789,2002-04-28,2004-06-27,791,-65.7924,-65.43,92.28,92.6526
uk54,600,2002-05-11,2003-12-31,599,-65.5557,-65.0229,115.1658,116.6839
uk55,252,2002-05-11,2003-01-17,251,-67.2841,-64.58,67.8009,93.06
uk56,184,2003-04-24,2003-10-24,183,-69.7841,-69.7573,162.33,162.4673
uk57,100,2002-06-30,2002-10-07,99,-60.9375,-57.6639,-55.3098,-48.8236
uk58,155,2002-06-30,2002-12-01,154,-60.4825,-55.0597,-54.27,-42.9415
uk59,126,2002-06-30,2002-11-02,125,-59.98,-50.9669,-55.4698,-44.5014
uk60,105,2002-06-30,2002-10-12,104,-65.4588,-64.87,90.4447,94.3
uk61,87,2002-07-04,2002-09-28,86,-61.8959,-59.0659,-176.3896,-165.3413
uk62,124,2002-07-04,2003-06-28,359,-61.3629,0.0,-175.65,0.0
uk63,165,2002-09-22,2003-04-27,217,-76.3355,0.0,0.0,169.1126
uk64,2599,2002-09-22,2009-11-22,2618,-66.0241,-65.5165,124.7095,129.9487
uk65,130,2002-09-22,2003-01-29,129,-66.2784,-66.1435,127.7324,128.2041
uk66,67,2002-10-20,2002-12-25,66,-61.83,-60.7506,-44.6,-43.1559
uk67,28,2002-10-20,2002-11-16,27,-61.7479,-60.798,-45.0286,-43.85
uk68,216,2002-10-20,2003-05-23,215,-66.7047,-65.9279,146.7621,148.2502
uk69,334,2002-10-20,2003-09-18,333,-73.5181,-64.7304,-29.2411,-21.5
uk70,13,2002-10-31,2002-11-12,12,-61.9,-61.2733,159.5776,161.0246
uk71,427,2002-10-31,2003-12-31,426,-72.5108,-67.7763,-36.8176,-18.62
uk72,300,2002-12-29,2003-10-24,299,-74.9506,0.0,-42.2935,0.0
uk73,233,2003-03-06,2003-10-24,232,-64.0667,0.0,-53.8149,0.0
uk74,16,2003-03-06,2003-03-21,15,-61.9597,-61.4554,-44.2333,-41.72
uk75,301,2003-03-06,2003-12-31,300,-65.3161,-61.4845,-57.168,-48.2151
uk84,484,2003-03-30,2004-07-25,483,-75.1772,-71.5394,-154.1006,-110.4667
uk85,209,2003-03-30,2003-10-24,208,-72.4667,0.0,-116.6402,0.0
uk86,252,2003-03-30,2003-12-06,251,-73.1882,-71.5215,-135.0827,-110.5434
uk87,432,2003-07-06,2004-09-09,431,-71.7057,-71.4649,-57.6333,-57.2191
uk88,106,2003-07-06,2003-10-19,105,-69.9247,0.0,0.0,167.65
uk89,134,2003-07-06,2003-11-16,133,-63.5924,-57.1055,146.6,167.2071
uk90,134,2003-07-06,2003-11-16,133,-65.5065,-63.95,126.6879,133.35
uk91,107,2003-08-03,2003-11-17,106,-67.0,-61.9106,-28.0744,-19.9235
uk92,151,2003-08-03,2003-12-31,150,-75.0571,-73.3977,-152.2791,-137.4837
uk93,3627,2003-08-03,2015-05-25,4313,-66.7025,0.0,0.0,81.2817
uk94,83,2003-08-03,2003-10-24,82,-66.3756,-66.3333,93.5333,93.5407
uk95,359,2003-07-20,2004-07-12,358,-65.7435,-56.9193,70.1597,100.0469
uk96,232,2003-10-01,2004-05-19,231,-62.9,0.0,-53.9475,0.0
uk97,259,2003-10-16,2004-06-30,258,-66.6934,-66.4815,80.7661,81.2083
uk99,63,2004-02-16,2004-04-18,62,-54.1167,-53.5827,-39.2426,-38.3021
uka57b,1026,2015-12-31,2018-11-23,1058,-70.0358,-63.5451,-62.91,-54.8678
ukc33,1585,2016-04-07,2021-01-12,1741,-75.1556,-64.7147,128.6622,170.0825
